codigo,lab_1,lab_2,lab_3,lab_4,lab_5,lab_6,lab_7,lab_8,lab_9,lab_10,lab_11,lab_12,e1,e2
20240001,13,15,6,8,7,0,18,20,0,14,15,8,3,13
20240002,3,20,19,19,16,2,18,1,11,8,7,15,0,17
20240003,20,6,0,14,19,5,12,14,18,6,3,17,13,6
20240004,17,20,7,19,16,18,3,3,1,20,20,2,9,20
20240005,15,17,20,16,6,13,2,4,6,12,8,16,20,12
20240006,4,13,0,4,19,20,3,7,3,19,19,10,0,9
20240007,20,17,11,7,18,1,11,0,5,1,0,11,2,7
20240008,17,6,11,5,18,8,8,12,1,14,2,20,1,5
20240009,16,1,13,5,10,7,2,3,1,1,4,20,12,10
20240010,4,2,20,9,14,14,7,16,13,1,17,17,18,0
20240011,14,3,11,15,6,11,0,15,8,12,3,5,7,20
20240012,2,17,6,11,12,14,11,11,12,12,1,12,7,9
20240013,10,17,13,13,14,5,8,11,16,3,6,9,8,19
20240014,12,10,1,8,0,11,7,3,12,1,13,5,8,2
20240015,17,0,6,11,3,6,17,8,14,8,11,11,13,7
20240016,12,9,11,11,15,9,8,14,19,11,9,5,8,16
20240017,8,19,12,7,1,5,4,11,0,11,6,3,10,10
20240018,9,14,19,18,0,15,6,10,17,3,8,17,4,8
20240019,6,2,4,8,14,2,20,7,0,13,10,1,15,0
20240020,20,3,3,0,6,3,18,17,2,10,8,18,10,0
20240021,19,16,10,6,2,18,8,1,20,8,7,0,9,15
20240022,4,11,3,7,4,15,16,3,8,6,0,13,18,12
20240023,7,13,11,10,12,11,13,0,8,5,7,3,18,13
20240024,3,19,14,20,1,13,3,9,5,6,1,15,13,10
20240025,13,12,8,13,16,1,9,2,10,6,6,0,15,16
20240026,12,16,0,3,6,3,15,19,9,19,1,1,0,5
20240027,6,16,10,16,13,3,9,5,6,15,4,11,2,19
20240028,8,11,4,16,2,12,4,19,8,3,17,7,1,15
20240029,18,8,12,12,7,2,7,2,15,19,4,13,16,18
20240030,11,6,15,9,9,3,14,13,17,16,17,8,12,7
20240031,4,19,15,12,16,13,3,7,14,15,15,0,10,4
20240032,1,18,17,3,17,15,10,14,10,17,17,14,15,0
20240033,2,4,17,7,2,5,7,1,11,2,14,10,12,5
20240034,18,12,6,6,3,0,15,11,10,2,16,18,11,1
20240035,20,3,18,0,6,3,15,13,8,4,19,17,3,14
20240036,11,6,13,12,13,14,6,1,9,8,15,16,11,13
20240037,1,5,4,6,10,7,8,4,15,7,1,6,11,20
20240038,7,0,12,5,3,3,3,17,15,16,18,8,9,8
20240039,0,19,16,8,18,3,8,3,16,15,19,5,19,6
20240040,5,15,5,7,15,12,7,1,8,13,13,5,11,17
20240041,14,2,17,12,17,7,0,10,16,15,5,7,17,14
20240042,0,18,7,10,7,13,5,15,7,10,9,9,12,12
20240043,13,7,7,10,9,3,13,8,3,4,19,5,13,17
20240044,20,16,16,5,15,12,2,15,18,16,15,4,19,19
20240045,10,14,12,13,4,8,17,5,16,13,3,20,7,4
20240046,18,20,0,12,20,6,4,6,4,3,19,16,0,20
20240047,16,11,20,20,12,3,1,10,4,9,6,13,9,9
20240048,7,15,14,1,8,20,20,7,10,3,2,7,5,18
20240049,1,4,2,11,19,19,7,16,9,17,20,15,17,15
20240050,13,15,1,18,4,11,5,1,8,11,0,3,16,11
20240051,0,14,19,11,14,5,0,7,5,10,12,16,11,2
20240052,0,20,11,19,18,20,12,3,1,2,15,11,16,13
20240053,2,5,9,14,18,4,0,9,17,4,12,0,6,1
20240054,19,5,9,11,3,3,13,14,5,16,0,5,0,6
20240055,8,10,20,0,16,18,19,17,1,2,3,20,15,1
20240056,0,2,19,14,1,6,17,6,5,20,13,18,1,7
20240057,11,6,9,19,19,11,0,16,12,3,2,5,16,6
20240058,17,12,20,13,3,19,0,6,0,3,6,3,2,2
20240059,18,13,9,8,1,10,12,20,10,12,3,17,6,1
20240060,5,14,10,3,8,20,5,16,8,3,12,6,9,20
20240061,16,7,17,12,15,9,10,8,6,5,11,19,12,15
20240062,17,10,20,8,18,3,17,9,0,1,8,1,5,16
20240063,20,0,1,19,6,13,3,18,11,4,13,3,16,5
20240064,4,7,5,10,11,15,14,0,7,9,20,14,6,6
20240065,20,7,18,19,4,12,18,8,1,1,13,3,1,18
20240066,14,11,14,16,16,5,14,16,4,6,19,15,13,11
20240067,5,2,14,5,18,2,17,18,20,2,19,3,16,0
20240068,10,16,3,20,16,18,9,4,6,1,3,5,1,1
20240069,9,7,11,0,10,0,2,10,20,10,7,10,17,8
20240070,20,14,2,3,3,9,6,17,16,8,4,6,16,20
20240071,12,12,14,4,0,16,14,14,14,12,2,2,5,6
20240072,12,2,4,11,9,15,6,5,17,20,0,17,2,14
20240073,9,9,5,4,18,17,5,19,20,11,0,13,6,15
20240074,5,16,9,18,5,0,13,4,18,9,0,13,14,10
20240075,9,4,14,17,13,3,13,0,1,6,7,19,0,4
20240076,0,13,2,20,4,4,11,19,3,11,18,11,10,14
20240077,17,9,18,17,13,10,15,1,2,19,6,8,13,8
20240078,3,18,8,7,3,18,5,13,12,7,13,5,8,9
20240079,11,7,2,8,18,13,1,3,18,1,14,7,9,12
20240080,1,1,3,18,16,6,19,12,5,2,12,18,11,3
20240081,18,17,2,18,11,11,19,13,11,4,10,1,6,16
20240082,16,1,16,9,14,17,19,4,16,17,9,19,8,3
20240083,15,0,15,14,19,10,3,3,14,9,20,8,10,8
20240084,3,2,10,19,0,10,3,20,6,9,17,6,8,2
20240085,17,10,3,9,16,7,17,11,2,17,1,4,17,6
20240086,18,6,17,0,19,6,0,19,19,10,14,20,7,7
20240087,12,13,6,17,8,19,9,12,19,12,9,1,18,14
20240088,7,13,1,11,9,20,10,11,13,15,7,7,8,20
20240089,20,11,13,4,4,18,17,14,15,2,6,20,11,4
20240090,15,6,1,10,3,7,3,0,15,2,11,3,14,20
20240091,19,7,0,1,19,15,6,12,20,7,16,13,11,14
20240092,0,10,20,9,10,7,16,20,2,11,15,18,14,7
20240093,19,17,3,13,12,0,13,14,7,1,20,14,11,14
20240094,3,20,8,5,12,18,1,3,19,0,19,0,13,7
20240095,4,4,17,6,20,10,4,2,0,5,1,20,16,16
20240096,1,19,15,9,15,14,13,1,17,18,0,16,6,1
20240097,7,0,1,7,2,19,9,11,2,10,2,4,19,8
20240098,8,7,14,0,13,3,10,0,19,19,0,6,17,6
20240099,16,0,1,5,7,14,12,7,13,9,17,0,0,7
20240100,10,3,3,6,20,4,8,17,16,0,14,5,5,19
20240101,14,15,17,6,6,8,14,10,12,16,14,6,9,0
20240102,15,14,5,19,16,9,9,5,10,10,7,7,6,7
20240103,4,17,7,19,2,6,13,0,8,1,2,5,2,11
20240104,19,0,4,15,10,14,0,14,3,12,1,15,15,7
20240105,12,13,2,8,6,0,5,18,3,17,11,5,16,18
20240106,9,2,14,0,4,3,13,14,12,11,9,9,5,18
20240107,8,12,13,12,4,7,3,3,20,2,5,17,5,0
20240108,16,11,15,5,13,15,1,19,6,7,1,0,9,19
20240109,16,9,6,3,10,14,16,5,17,6,6,10,7,4
20240110,17,10,9,5,20,9,19,15,17,1,15,11,5,18
20240111,3,14,11,15,0,15,3,8,8,16,10,9,1,13
20240112,3,0,15,15,18,7,20,5,15,12,2,1,2,18
20240113,4,7,16,12,1,2,1,11,13,5,14,3,14,18
20240114,3,6,3,9,8,8,9,7,16,0,12,10,2,14
20240115,14,8,10,0,12,2,13,18,15,2,18,0,10,15
20240116,1,9,12,12,19,18,6,6,4,11,0,7,11,17
20240117,16,15,14,1,10,0,10,17,16,5,16,3,0,7
20240118,20,8,17,18,5,9,19,10,10,19,15,3,19,10
20240119,13,11,10,17,3,14,20,17,2,12,14,19,15,18
20240120,4,18,1,13,5,4,8,8,4,7,4,0,7,5
20240121,17,5,13,3,20,1,11,12,15,4,13,15,0,7
20240122,7,2,17,7,2,13,12,19,5,18,13,16,10,13
20240123,1,18,9,8,17,17,9,11,4,8,4,14,11,12
20240124,15,20,17,20,3,3,4,1,15,2,9,12,9,11
20240125,18,18,15,13,7,4,10,17,12,14,16,17,3,19
20240126,10,1,17,12,7,1,20,20,15,5,10,2,18,19
20240127,10,20,7,17,8,11,9,14,2,9,8,17,17,3
20240128,18,9,2,13,10,18,18,15,10,18,12,12,2,14
20240129,15,9,19,19,15,18,19,19,4,4,6,2,17,14
20240130,6,4,2,1,10,11,2,20,15,12,15,17,10,4
20240131,0,11,0,20,8,20,17,1,17,10,14,13,0,2
20240132,17,19,13,1,17,5,17,18,0,15,17,7,5,8
20240133,15,14,8,19,5,14,14,3,18,5,20,9,6,18
20240134,7,8,13,10,14,20,5,19,16,4,13,17,17,1
20240135,6,7,4,6,17,14,13,20,9,3,15,8,16,17
20240136,10,1,1,15,17,8,9,13,13,13,20,12,2,4
20240137,14,15,20,6,12,9,18,10,5,11,4,5,17,2
20240138,17,9,13,4,9,16,19,19,7,19,15,13,13,7
20240139,1,18,10,10,0,15,20,13,8,11,6,6,7,10
20240140,0,15,13,7,1,5,5,2,17,2,18,16,11,2
20240141,20,2,6,5,17,18,1,9,1,4,8,10,10,12
20240142,13,19,16,13,3,15,19,7,17,0,20,9,12,17
20240143,7,7,16,7,5,17,0,2,19,17,10,2,19,17
20240144,17,15,10,17,0,14,10,18,2,18,4,8,20,7
20240145,9,18,16,1,7,2,14,11,11,3,1,3,12,0
20240146,17,0,19,14,12,10,7,7,15,14,13,7,8,18
20240147,8,10,9,20,11,4,19,10,2,17,15,14,12,18
20240148,16,8,11,9,5,6,12,17,13,6,12,0,19,0
20240149,16,20,16,10,20,6,9,6,15,10,0,12,18,6
20240150,15,12,12,16,2,17,16,6,4,2,12,18,0,7
20240151,4,13,13,3,4,10,20,16,3,3,7,7,2,0
20240152,8,6,11,7,15,11,14,4,18,9,16,15,13,18
20240153,14,18,3,4,16,16,9,5,3,20,11,16,1,4
20240154,2,10,19,15,8,2,10,15,2,12,16,3,17,19
20240155,10,8,19,8,11,12,11,18,2,8,5,14,2,13
20240156,11,15,16,6,7,19,3,19,11,4,7,19,13,1
20240157,19,3,10,19,3,14,6,13,5,18,15,12,18,18
20240158,13,18,19,19,4,8,5,20,3,0,13,14,15,11
20240159,2,3,3,9,4,9,20,6,0,9,16,11,16,20
20240160,11,9,16,4,3,0,18,1,2,11,18,18,5,4
20240161,8,3,2,4,8,14,15,17,0,8,18,18,6,8
20240162,19,11,19,8,15,4,0,14,9,4,7,13,18,5
20240163,8,0,5,0,11,20,2,18,10,9,18,17,2,7
20240164,14,13,13,16,3,11,8,18,18,14,7,2,7,13
20240165,7,12,14,11,6,3,12,11,10,9,6,5,11,18
20240166,17,16,12,14,7,10,17,10,15,0,18,3,2,0
20240167,11,20,20,2,19,11,9,2,18,10,12,13,15,14
20240168,8,7,18,3,0,19,5,2,6,4,6,0,9,11
20240169,19,17,13,20,5,9,0,19,17,10,12,11,1,17
20240170,7,13,11,17,18,5,13,10,3,11,2,18,15,9
20240171,6,13,8,2,6,3,18,2,11,0,13,14,20,17
20240172,1,5,14,20,14,12,10,14,19,16,4,19,6,10
20240173,2,9,4,14,9,9,12,10,11,12,6,12,18,3
20240174,9,13,7,17,11,14,18,9,16,10,6,12,14,12
20240175,0,5,15,11,10,3,14,5,13,11,9,15,5,17
20240176,13,1,2,7,17,12,3,2,6,11,8,13,14,10
20240177,8,8,14,4,4,0,15,3,18,5,12,11,1,18
20240178,12,18,5,3,8,5,19,18,19,16,16,6,0,14
20240179,10,0,16,7,15,2,3,5,2,13,12,1,15,20
20240180,14,1,6,15,6,7,6,19,20,14,19,16,6,6
20240181,17,13,1,14,19,13,15,16,19,1,1,14,13,10
20240182,7,19,9,7,1,15,12,7,10,20,17,5,15,9
20240183,18,5,3,18,0,12,5,13,9,4,18,1,6,20
20240184,0,10,20,0,10,17,10,19,4,12,19,17,5,16
20240185,18,13,2,20,4,18,2,7,2,7,11,0,20,15
20240186,3,1,9,11,15,6,18,3,0,15,10,16,10,14
20240187,8,4,9,0,5,16,6,9,19,7,3,2,9,19
20240188,19,3,4,15,9,6,3,9,9,10,2,19,5,12
20240189,18,1,17,6,13,19,10,19,17,4,9,6,18,9
20240190,8,5,8,20,2,2,4,6,17,16,19,17,0,16
20240191,4,3,12,1,16,11,20,0,6,20,17,11,14,4
20240192,16,14,18,12,16,6,19,13,12,1,7,0,4,15
20240193,3,17,14,12,14,0,11,18,13,18,0,10,3,19
20240194,1,13,16,5,13,3,18,0,8,16,0,1,2,14
20240195,5,16,4,12,14,1,1,2,3,15,1,18,17,13
20240196,16,7,14,20,10,4,1,17,6,13,16,20,7,19
20240197,11,0,16,12,5,11,14,0,17,2,19,1,17,14
20240198,15,14,8,15,3,11,15,17,6,12,11,13,3,15
20240199,17,13,5,7,3,0,1,4,8,18,7,20,16,13
20240200,5,14,10,7,16,17,14,8,8,5,14,18,5,13
20240201,5,15,10,12,9,0,11,17,6,18,17,10,16,5
20240202,10,3,20,18,7,6,16,9,10,12,14,3,9,2
20240203,7,4,12,5,2,3,7,2,12,5,20,3,1,0
20240204,12,16,11,11,11,16,12,12,8,16,19,2,1,19
20240205,6,8,9,20,17,16,12,7,10,17,1,19,7,7
20240206,0,16,1,18,3,16,4,15,9,1,15,17,13,2
20240207,8,1,5,10,15,15,3,17,17,12,10,20,13,12
20240208,17,17,11,13,6,0,9,10,20,15,12,14,5,19
20240209,5,18,14,14,13,19,1,10,13,2,14,7,8,5
20240210,1,12,16,10,12,4,15,17,20,17,0,13,5,1
20240211,9,9,16,16,10,4,14,15,15,11,9,7,6,15
20240212,18,12,9,13,10,13,9,20,15,2,20,18,5,4
20240213,13,4,15,6,6,0,4,8,7,3,16,18,11,8
20240214,20,2,14,1,13,17,15,17,2,11,15,2,9,17
20240215,1,16,13,1,8,14,12,14,13,16,18,10,10,11
20240216,10,5,13,1,12,14,4,7,3,13,8,18,9,2
20240217,12,3,7,8,14,7,3,1,9,16,6,12,11,14
20240218,8,20,12,2,2,18,11,7,0,5,13,5,12,6
20240219,19,0,17,11,7,7,11,6,19,11,15,16,15,8
20240220,17,19,16,18,11,17,16,8,13,12,17,18,15,9
20240221,6,0,3,5,14,7,6,11,20,16,7,3,0,17
20240222,14,3,1,17,15,5,19,20,6,12,12,20,13,17
20240223,0,12,20,4,20,16,18,0,17,7,4,19,14,19
20240224,5,2,2,15,10,15,16,7,1,15,18,15,7,19
20240225,4,20,19,9,18,17,3,17,1,6,18,18,18,19
20240226,2,12,4,14,16,9,2,16,14,10,0,15,3,18
20240227,18,3,14,5,16,18,14,6,18,7,4,20,15,8
20240228,5,13,3,8,16,13,18,11,5,13,7,11,9,6
20240229,14,15,14,5,11,4,15,13,14,17,20,4,0,17
20240230,16,9,7,14,9,6,14,17,3,11,1,12,1,17
20240231,1,16,5,1,10,13,17,5,8,11,4,5,9,10
20240232,16,6,3,9,19,1,4,20,20,20,4,7,17,8
20240233,6,7,1,10,6,20,12,2,18,20,14,2,17,17
20240234,14,20,11,0,12,10,1,16,20,4,7,11,12,6
20240235,12,13,17,0,19,10,7,10,8,10,20,16,15,9
20240236,20,5,12,18,11,3,11,19,6,14,15,6,17,10
20240237,17,8,16,16,15,9,17,6,16,19,20,15,8,18
20240238,14,17,2,17,20,5,0,1,5,14,13,2,8,3
20240239,5,17,6,13,17,8,17,17,12,12,4,3,13,3
20240240,7,15,3,8,2,7,15,13,1,7,20,7,18,1
20240241,19,4,5,2,2,11,0,20,9,0,9,5,5,8
20240242,13,5,20,11,6,19,1,13,2,5,9,7,19,5
20240243,10,9,3,17,4,16,3,12,14,1,2,1,6,12
20240244,15,20,6,14,4,5,17,8,8,9,3,17,11,13
20240245,12,17,7,15,18,9,11,18,19,6,15,10,5,17
20240246,17,18,13,15,3,17,15,2,12,17,17,13,15,20
20240247,3,18,18,16,6,13,20,3,3,9,18,1,10,13
20240248,11,15,13,0,15,14,7,2,19,8,1,14,3,2
20240249,12,8,1,3,18,7,11,17,17,10,0,2,12,16
20240250,20,17,0,11,5,20,0,13,6,9,9,10,12,6
20240251,16,4,0,12,9,6,11,6,15,5,19,7,19,1
20240252,13,2,1,18,0,18,10,9,12,9,10,8,11,9
20240253,0,11,17,14,17,5,6,14,15,14,8,20,18,11
20240254,3,20,9,6,6,0,5,10,16,16,13,10,11,13
20240255,4,1,7,13,5,10,6,0,4,6,1,7,2,19
20240256,1,17,14,7,14,9,19,2,3,12,11,12,7,8
20240257,20,13,6,14,6,16,17,6,0,16,0,11,18,9
20240258,17,18,10,18,16,7,12,19,15,13,16,8,16,6
20240259,8,8,20,12,12,6,10,14,18,6,8,6,1,10
20240260,13,1,11,18,16,1,8,15,18,14,3,8,8,5
20240261,16,16,2,16,6,0,19,17,7,9,8,10,12,15
20240262,1,2,7,7,7,5,19,15,13,1,3,0,15,17
20240263,9,19,15,11,2,7,16,1,18,8,1,19,3,5
20240264,4,15,13,6,4,15,1,18,15,7,18,11,9,7
20240265,3,15,2,14,17,13,6,5,13,8,9,3,2,1
20240266,20,14,0,16,15,2,0,14,10,0,12,12,0,2
20240267,15,15,19,14,17,7,9,17,0,15,8,20,16,14
20240268,10,10,1,7,19,20,7,9,12,2,10,2,11,20
20240269,17,16,5,17,14,12,17,16,4,15,18,19,17,9
20240270,10,17,17,11,1,18,11,12,9,3,9,1,12,8
20240271,19,10,19,3,3,14,7,15,10,13,15,17,4,11
20240272,2,20,6,20,17,20,20,8,3,14,6,1,15,15
20240273,19,11,11,11,9,20,6,19,18,1,1,2,0,13
20240274,16,16,11,4,8,13,3,13,8,2,19,14,20,2
20240275,15,12,14,15,15,19,13,20,9,14,7,9,14,9
20240276,0,9,8,20,9,13,11,20,6,6,1,11,2,13
20240277,19,12,6,12,14,13,6,2,8,15,18,14,16,0
20240278,20,15,12,3,20,7,7,20,4,17,9,5,7,17
20240279,2,13,15,13,9,6,3,4,1,16,8,2,16,19
20240280,0,16,16,7,0,9,18,11,14,18,17,15,1,20
20240281,9,5,3,10,17,2,0,14,1,14,11,15,9,13
20240282,11,20,4,0,19,2,8,19,5,18,8,13,11,17
20240283,13,4,18,19,2,20,12,6,13,6,0,16,8,7
20240284,2,5,1,14,20,8,17,0,7,0,8,18,1,12
20240285,14,5,20,10,13,10,6,10,18,14,13,11,3,10
20240286,2,8,8,18,9,19,3,18,14,5,15,13,20,15
20240287,0,12,14,1,6,14,7,1,6,2,20,14,20,2
20240288,14,12,5,2,12,19,12,14,1,7,17,18,4,20
20240289,17,7,1,19,16,10,17,6,2,5,6,5,15,1
20240290,9,16,1,3,1,2,4,20,8,10,8,10,20,14
20240291,2,9,19,15,18,20,5,4,7,4,2,18,9,1
20240292,20,14,10,1,11,7,19,4,2,12,2,15,13,10
20240293,12,7,6,13,12,12,16,14,6,13,0,3,3,10
20240294,18,8,19,8,9,4,4,19,13,7,18,12,0,2
20240295,12,17,3,10,10,7,18,19,11,1,15,17,11,0
20240296,10,20,11,18,20,3,20,8,5,13,13,9,2,16
20240297,4,1,7,4,8,20,5,7,10,5,12,19,5,7
20240298,11,2,3,5,7,11,9,11,5,0,9,10,18,14
20240299,6,11,15,2,12,6,5,4,19,4,0,20,8,15
20240300,20,9,2,20,19,13,0,16,8,10,18,13,20,15
20240301,18,5,19,5,17,11,19,10,13,9,14,14,4,13
20240302,3,1,7,4,10,1,10,1,3,11,0,17,4,16
20240303,19,11,0,19,8,3,18,17,11,2,16,18,19,9
20240304,20,19,15,4,5,5,19,17,8,13,0,4,9,1
20240305,7,1,19,8,8,9,11,1,16,11,7,12,12,11
20240306,7,13,19,14,14,16,2,16,15,9,0,3,20,5
20240307,1,15,8,6,7,14,13,20,2,19,19,20,10,16
20240308,14,18,1,4,3,15,17,13,7,5,19,13,1,19
20240309,13,1,7,9,9,3,19,6,18,9,11,18,9,11
20240310,1,0,13,12,14,18,14,4,18,7,1,7,2,0
20240311,10,0,9,5,13,0,9,12,17,8,10,18,4,17
20240312,10,7,15,18,8,7,18,12,12,3,8,17,17,15
20240313,12,17,15,16,3,6,3,11,7,18,20,6,10,18
20240314,0,5,11,12,1,16,4,19,11,16,18,6,18,7
20240315,9,0,17,18,6,15,19,3,10,13,3,17,3,11
20240316,9,17,6,16,14,19,20,5,15,9,10,15,19,5
20240317,4,11,16,9,7,4,18,17,4,8,14,14,16,11
20240318,7,9,16,19,14,8,10,6,14,3,4,5,17,8
20240319,6,0,4,8,2,4,8,4,19,10,2,12,10,20
20240320,11,14,6,8,3,19,6,16,18,16,18,16,1,17
20240321,9,17,1,2,0,4,17,20,17,12,4,14,10,4
20240322,12,2,10,6,2,19,2,20,18,14,8,17,4,14
20240323,13,9,3,16,14,14,15,7,1,7,9,17,16,2
20240324,16,9,10,8,19,14,3,5,2,17,19,16,11,11
20240325,8,15,20,0,14,3,3,20,19,3,4,1,6,11
20240326,17,14,14,3,0,9,15,14,11,14,16,5,3,8
20240327,13,6,10,20,12,10,9,7,9,11,20,17,20,1
20240328,2,7,2,17,1,15,3,12,20,10,20,19,7,14
20240329,11,18,17,11,9,10,10,5,7,1,6,8,9,15
20240330,8,9,14,7,11,3,1,5,5,13,13,13,2,5
20240331,16,8,18,4,11,16,20,1,19,14,17,18,17,20
20240332,0,18,18,18,18,16,7,11,18,1,15,4,14,6
20240333,13,2,10,16,3,8,11,12,0,3,13,0,19,19
20240334,3,8,6,20,16,17,14,13,14,11,15,15,15,20
20240335,2,18,15,8,20,10,5,14,18,0,10,0,3,2
20240336,2,12,9,13,11,13,16,1,16,4,9,6,8,8
20240337,4,19,19,20,0,20,9,5,0,7,19,16,10,1
20240338,5,17,2,13,14,14,20,9,1,9,9,13,5,20
20240339,0,15,9,2,15,10,6,1,15,16,0,4,1,16
20240340,18,16,11,17,1,16,13,1,9,10,13,18,10,0
20240341,4,12,19,12,12,16,9,2,3,14,0,14,8,12
20240342,20,12,18,13,10,5,9,0,11,20,10,3,5,9
20240343,11,18,14,14,12,19,13,17,16,11,9,15,12,4
20240344,16,3,10,10,1,12,2,8,19,5,12,11,3,11
20240345,15,13,20,4,6,20,16,2,16,19,9,20,12,14
20240346,12,4,13,7,6,15,14,16,13,4,17,1,0,15
20240347,13,11,0,17,9,11,19,20,15,4,4,10,11,13
20240348,16,12,1,5,0,17,3,13,18,15,9,9,15,20
20240349,1,17,17,12,6,17,10,11,5,11,10,3,20,5
20240350,4,2,5,12,4,7,9,5,17,1,13,6,11,4
20240351,15,0,0,1,0,12,11,0,5,8,3,5,10,4
20240352,4,19,8,12,12,20,1,5,10,6,4,15,20,9
20240353,7,16,16,5,17,2,0,15,19,3,15,19,8,17
20240354,9,3,2,13,1,15,12,18,12,15,6,7,4,11
20240355,13,18,19,17,4,11,1,17,5,15,15,14,19,14
20240356,9,2,0,18,8,0,16,12,19,7,10,11,10,2
20240357,15,4,0,9,18,19,10,7,12,0,4,3,11,0
20240358,0,2,8,2,5,13,9,12,3,4,9,20,19,9
20240359,16,1,19,8,17,6,16,0,12,7,1,6,1,3
20240360,17,4,15,6,19,15,1,16,20,6,2,0,5,17
20240361,15,20,3,16,19,8,3,12,6,3,4,4,16,8
20240362,15,8,2,14,4,5,6,7,0,19,17,5,19,20
20240363,19,3,1,4,0,16,16,8,11,13,20,2,19,20
20240364,17,2,15,11,5,7,4,9,5,0,1,14,11,14
20240365,19,12,4,14,16,12,1,6,17,8,14,0,17,20
20240366,10,8,9,1,6,12,17,14,18,16,18,6,7,16
20240367,4,16,7,20,6,5,11,1,8,17,3,11,2,16
20240368,6,5,20,3,4,5,11,19,14,10,10,1,13,3
20240369,10,3,1,13,10,1,19,6,9,11,7,8,17,2
20240370,11,0,1,3,14,7,4,5,13,2,3,12,3,8
20240371,18,13,12,8,1,2,3,4,6,2,11,14,15,11
20240372,17,10,17,8,1,7,6,20,6,20,10,15,14,5
20240373,8,20,1,3,10,5,2,1,19,0,14,6,18,18
20240374,0,13,20,7,19,10,18,19,3,14,9,20,20,1
20240375,7,7,14,15,19,5,16,20,16,0,1,15,14,11
20240376,9,8,12,14,8,12,20,18,2,19,7,17,14,5
20240377,13,9,9,8,4,3,4,20,5,11,10,19,2,14
20240378,19,3,10,11,15,20,12,10,13,9,19,14,6,18
20240379,12,3,0,7,6,11,8,4,13,15,14,18,10,0
20240380,7,8,1,9,18,7,20,17,17,0,12,13,14,20
20240381,8,17,19,15,1,9,10,6,15,4,20,4,5,2
20240382,17,7,0,4,12,6,13,15,13,1,12,0,10,1
20240383,5,16,7,8,12,16,0,1,6,6,2,7,11,9
20240384,20,0,10,11,20,13,12,5,0,7,14,11,16,0
20240385,18,4,1,6,9,7,1,10,1,16,5,0,17,2
20240386,4,4,15,9,1,11,11,13,8,7,2,7,4,17
20240387,0,0,7,9,10,12,1,15,1,9,13,10,14,12
20240388,1,12,3,7,6,17,19,6,16,0,1,13,2,20
20240389,3,10,17,8,13,14,10,19,5,11,15,14,7,19
20240390,5,20,1,13,3,1,3,15,11,8,17,0,2,11
20240391,16,9,20,11,11,5,7,14,15,9,4,19,6,17
20240392,16,19,6,7,12,3,2,12,4,0,19,6,19,12
20240393,12,9,13,17,7,10,18,6,13,0,1,20,17,5
20240394,17,8,1,17,11,7,14,7,20,2,0,11,17,0
20240395,9,4,20,12,0,17,3,11,2,7,3,2,18,7
20240396,16,1,16,14,1,11,12,10,8,7,4,11,13,13
20240397,3,18,17,5,5,0,9,6,15,12,17,19,15,6
20240398,11,1,10,7,13,7,14,5,15,19,19,9,8,6
20240399,18,12,14,19,12,6,12,1,0,17,10,10,10,12
20240400,10,2,0,20,8,18,17,1,9,8,12,7,2,3
20240401,20,16,6,7,11,20,12,12,18,14,9,4,11,12
20240402,6,20,5,2,13,14,13,7,16,11,1,15,20,4
20240403,11,4,13,7,11,7,8,8,7,14,8,11,10,0
20240404,5,4,1,19,12,19,13,19,0,2,18,0,3,16
20240405,6,5,20,13,10,8,12,4,11,1,13,6,14,1
20240406,4,6,16,16,18,3,6,6,16,0,6,20,0,7
20240407,19,10,20,7,12,8,15,11,15,18,10,9,7,14
20240408,19,1,7,19,1,16,9,12,15,5,15,0,14,12
20240409,1,12,0,13,0,11,19,10,8,3,7,19,11,4
20240410,7,9,12,12,5,8,18,17,3,20,13,3,14,17
20240411,0,20,20,9,17,8,2,18,6,13,19,18,18,8
20240412,10,12,19,20,2,14,2,12,5,17,13,18,10,5
20240413,12,4,9,18,1,12,4,13,6,15,20,3,15,7
20240414,8,20,17,9,15,4,18,16,10,18,16,3,1,16
20240415,8,8,6,7,0,6,13,9,6,14,3,6,12,12
20240416,15,19,0,8,15,4,8,8,12,17,17,11,9,17
20240417,13,17,9,14,18,8,4,6,17,8,6,19,15,11
20240418,8,13,17,12,16,1,9,17,10,13,10,16,12,9
20240419,8,14,13,14,12,1,0,4,13,9,17,8,14,19
20240420,10,17,5,2,12,1,9,12,19,18,5,18,3,3
20240421,7,19,3,0,8,3,7,18,6,4,5,12,19,4
20240422,16,18,14,16,0,11,13,14,17,19,20,16,10,0
20240423,17,19,9,18,10,0,18,16,0,6,17,8,17,20
20240424,13,1,5,0,11,3,18,15,7,6,18,1,18,16
20240425,16,15,4,7,20,1,12,7,5,2,18,9,18,11
20240426,4,19,20,9,0,18,5,9,16,8,0,12,10,18
20240427,18,12,1,18,16,8,13,13,16,15,14,6,19,3
20240428,13,18,17,1,2,1,12,2,11,15,5,2,10,10
20240429,2,14,3,2,10,13,3,9,13,1,8,3,16,9
20240430,1,0,3,4,14,7,18,0,16,16,6,3,2,10
20240431,14,15,12,14,10,8,12,0,5,17,12,12,1,14
20240432,3,17,10,16,9,17,17,18,20,0,10,16,4,9
20240433,3,20,3,18,20,5,15,12,11,0,19,6,17,4
20240434,5,19,16,18,11,16,6,19,3,18,14,15,0,9
20240435,8,13,3,15,11,13,1,11,12,19,6,18,14,10
20240436,5,19,5,17,4,0,10,6,3,0,8,20,17,1
20240437,9,1,12,9,9,12,1,18,15,20,19,10,2,17
20240438,17,18,20,18,19,17,14,1,15,17,0,6,11,6
20240439,17,5,17,8,14,10,17,12,14,2,9,4,18,8
20240440,10,18,3,9,1,9,8,20,6,5,7,10,19,18
20240441,17,10,13,19,0,4,18,17,3,5,18,0,16,6
20240442,13,14,7,6,0,20,12,11,7,1,13,5,18,17
20240443,13,16,18,13,4,12,5,12,17,13,1,7,9,4
20240444,11,1,6,20,7,4,17,4,11,7,6,15,15,0
20240445,2,7,13,8,17,2,6,15,0,3,16,10,8,1
20240446,8,1,15,9,2,0,19,20,15,20,6,14,2,15
20240447,14,5,19,3,8,14,0,20,0,20,2,10,3,0
20240448,13,7,5,15,10,10,19,3,7,4,15,3,2,12
20240449,15,10,13,13,8,1,7,14,8,14,10,17,4,6
20240450,20,5,0,18,4,6,1,20,3,10,14,20,12,9
20240451,6,13,20,20,14,19,6,10,10,0,6,16,16,13
20240452,11,0,11,13,5,16,4,12,20,18,5,13,9,13
20240453,15,11,15,8,2,18,16,20,3,5,8,12,2,11
20240454,12,13,7,2,13,4,13,6,18,13,6,2,2,9
20240455,19,9,20,6,18,15,2,11,12,14,3,5,12,20
20240456,16,5,20,13,16,17,16,5,17,9,4,8,19,19
20240457,18,5,8,9,8,4,2,7,4,12,5,4,0,15
20240458,9,18,18,15,5,6,0,12,9,4,11,11,1,0
20240459,17,20,17,11,1,1,8,16,5,11,19,15,4,11
20240460,20,1,7,17,16,11,19,15,20,13,11,5,17,3
20240461,13,12,16,12,14,7,6,18,9,8,19,10,10,3
20240462,1,5,12,4,5,10,10,2,6,8,15,15,9,17
20240463,12,4,0,14,10,19,0,11,15,3,5,20,10,18
20240464,13,0,0,11,5,17,11,6,15,5,7,15,18,8
20240465,16,4,9,7,14,10,16,11,15,5,8,3,17,11
20240466,1,15,15,15,9,10,9,2,18,15,13,0,16,16
20240467,6,1,13,1,17,20,20,0,15,2,3,2,15,10
20240468,19,10,14,18,7,3,10,13,18,16,15,14,18,12
20240469,9,8,12,16,3,19,3,3,8,15,14,10,1,11
20240470,13,2,0,5,9,5,8,16,6,12,11,9,8,19
20240471,10,19,1,10,0,13,20,20,8,4,10,16,10,8
20240472,7,14,7,4,14,5,10,4,14,13,20,17,12,4
20240473,8,9,19,17,20,1,1,11,1,14,15,13,3,1
20240474,9,8,6,14,5,0,18,12,2,1,7,20,14,15
20240475,6,6,7,17,17,16,7,0,6,15,2,20,3,9
20240476,8,6,2,15,17,1,10,5,10,13,20,7,19,20
20240477,2,9,10,13,18,1,15,8,7,3,15,3,13,0
20240478,16,19,0,6,14,6,5,15,12,20,16,20,0,16
20240479,7,15,19,20,15,19,12,11,13,20,0,5,6,10
20240480,13,3,10,18,3,20,9,6,5,19,10,4,6,10
20240481,2,0,7,19,8,16,10,11,4,12,3,15,10,19
20240482,9,14,0,13,5,7,11,8,2,11,5,11,0,1
20240483,16,18,15,14,15,7,8,20,19,12,20,3,2,10
20240484,20,6,17,16,11,17,2,2,13,13,13,6,13,10
20240485,7,4,6,4,11,19,6,17,4,11,0,19,9,19
20240486,6,4,8,9,14,17,6,16,4,6,3,17,16,19
20240487,0,6,8,4,10,16,6,5,8,11,17,20,1,11
20240488,9,7,14,11,5,11,1,19,19,0,14,20,7,2
20240489,2,12,0,15,11,4,7,18,5,17,13,0,6,7
20240490,12,8,19,9,2,6,12,12,20,14,1,16,16,3
20240491,19,10,2,14,8,10,7,14,9,0,20,10,19,17
20240492,10,10,6,4,10,4,16,17,20,1,15,17,5,17
20240493,2,17,9,4,9,13,18,19,11,18,6,13,13,14
20240494,7,8,6,3,13,18,11,5,8,15,16,19,7,10
20240495,6,14,6,6,14,20,19,11,0,9,18,19,9,12
20240496,8,3,14,8,9,9,16,5,2,6,11,19,6,8
20240497,11,4,4,20,17,5,1,18,6,10,11,3,11,15
20240498,3,17,11,8,13,9,14,10,14,8,10,15,18,7
20240499,2,6,2,3,16,4,19,14,11,1,17,20,13,3
20240500,15,14,10,15,7,17,5,4,12,13,4,2,12,10
